{
  "type" : "get_map_list",
  "result": {
    "result_cd": 0,
    "error_cd": 0,
    "error_msg": "エラー"
  },
  "data": {
    "map_list": [
      {
        "map_name": "test",
        "current_map_flg": 1,
        "remark": "1F",
        "destination_list": [
          {
            "destination_name": "wp010001",
            "disp_order" : 0,
            "is_start": "ON",
            "remark": "不可情報"
          },
          {
            "destination_name": "wp010002",
            "disp_order" : 0,
            "is_start": "OFF",
            "remark": "不可情報"
          },
          {
            "destination_name": "wp010003",
            "disp_order" : 0,
            "is_start": "OFF",
            "remark": "不可情報"
          },
          {
            "destination_name": "wp010004",
            "disp_order" : 0,
            "is_start": "OFF",
            "remark": "不可情報"
          },
          {
            "destination_name": "wp010005",
            "disp_order" : 0,
            "is_start": "ON",
            "remark": "不可情報"
          },
          {
            "destination_name": "wp010006",
            "disp_order" : 0,
            "is_start": "OFF",
            "remark": "不可情報"
          },
          {
            "destination_name": "wp010007",
            "disp_order" : 0,
            "is_start": "OFF",
            "remark": "不可情報"
          },
          {
            "destination_name": "wp010008",
            "disp_order" : 0,
            "is_start": "OFF",
            "remark": "不可情報"
          },
          {
            "destination_name": "wp010009",
            "disp_order" : 0,
            "is_start": "OFF",
            "remark": "不可情報"
          },
          {
            "destination_name": "wp010010",
            "disp_order" : 0,
            "is_start": "OFF",
            "remark": "不可情報"
          },
          {
            "destination_name": "wp010011",
            "disp_order" : 0,
            "is_start": "OFF",
            "remark": "不可情報"
          },
          {
            "destination_name": "wp010014",
            "disp_order" : 0,
            "is_start": "OFF",
            "remark": "不可情報"
          }
        ]
      },
      {
        "map_name": "test2",
        "current_map_flg": 0,
        "remark": "1F",
        "destination_list": [
          {
            "destination_name": "厨房2",
            "disp_order" : 0,
            "is_start": "ON",
            "remark": "不可情報"
          },
          {
            "destination_name": "ゴール2",
            "disp_order" : 0,
            "is_start": "OFF",
            "remark": "不可情報"
          }
        ]
      }
    ]
  } 
}