[
  {
    "name": "お待たせいたしました",
    "audio": "http://localhost/shogetsudo/asset/complete/message/waitsolong.mp3",
    "pict":  "http://localhost/shogetsudo/asset/complete/image/normal.png",
    "time": 6000
  },
  {
    "name": "設定なし",
    "audio": "http://localhost/shogetsudo/asset/complete/message/normal.mp3",
    "pict":  "http://localhost/shogetsudo/asset/complete/image/normal.png",
    "time": 6000
  },
  {
    "name": "オムライス",
    "audio": "http://localhost/shogetsudo/asset/complete/message/omrice.mp3",
    "pict":  "http://localhost/shogetsudo/asset/complete/image/omrice.png",
    "time": 10000
  },
  {
    "name": "ハンバーグ",
    "audio": "http://localhost/shogetsudo/asset/complete/message/hamburg.mp3",
    "pict":  "http://localhost/shogetsudo/asset/complete/image/hamburg.png",
    "time": 10000
  }
]
