{
    "current_map_id": 0,
    "hub_destination_id" : "00001",
    "sequence_destination_id" : "00001",
    "velocity": "100",
    "music_volume": "80",
    "music": "0",
    "announce_volume": "100",
    "announce" : {
      "wakeup" : "0",
      "map" : "0",
      "select" : "0",
      "sequence" : "0",
      "onmove" : "0",
      "halt" : "0",
      "face" : "0",
      "relocate" : "0",
      "complete" : "0",
      "autostart" : "0",
      "turnaround" : "0"
    },
    "wait" : {
      "complete" : "6",
      "turnaround" : "25",
      "sequence" : "25",
      "hub" : "6",
      "round" : "6"
    },
    "trip_mode": "0",
    "another_route": 0,
    "kiosk": "on",
    "onmovemovie":0,
    "sequencearray":"[]",
    "currentsenario" :0,
    "senario" : [
      {
        "name": "朝用巡回",
        "destination_id_array": ["00001", "00002", "00003"]
      },
      {
        "name": "昼用巡回",
        "destination_id_array": ["00001"]
      },
      {
        "name": "短間巡回",
        "destination_id_array": ["00001"]
      }
    ]
}
