{"onmove":"0","forcemove":"0","order":"[\"\u5145\u96fb\u5834\u6240\",\"\u53a8\u623f\",\"TBL1\",\"TBL2\",\"\u30b4\u30fc\u30eb\"]","senario_i":"0","current_map":"test","trip_mode":"normal","move_to":"","announce":"{\"wakeup\":\"1\",\"map\":\"0\",\"select\":\"0\",\"sequence\":\"0\",\"onmove\":\"0\",\"halt\":\"0\",\"face\":\"0\",\"relocate\":\"0\",\"complete\":\"0\",\"autostart\":\"0\",\"turnaround\":\"0\"}","battery_charge":"1","current_location":"\u53a8\u623f","sequence_i":"0","velocity":"100","onmoverest":"0","error":"battery_charging","sequence":"{\"destination_list\":[],\"wait\":\"25\"}","music_volume":"80","turnaround_i":"0","turnaround_wait":"100","destination_list":"[\"\u5145\u96fb\u5834\u6240\",\"\u53a8\u623f\",\"TBL1\",\"TBL2\",\"\u30b4\u30fc\u30eb\"]","map_list":"[{\"map_name\":\"test\",\"current_map_flg\":1,\"remark\":\"1F\",\"destination_list\":[{\"destination_name\":\"\u5145\u96fb\u5834\u6240\",\"disp_order\":0,\"is_start\":\"ON\",\"remark\":\"\u4e0d\u53ef\u60c5\u5831\"},{\"destination_name\":\"\u53a8\u623f\",\"disp_order\":0,\"is_start\":\"OFF\",\"remark\":\"\u4e0d\u53ef\u60c5\u5831\"},{\"destination_name\":\"TBL1\",\"disp_order\":0,\"is_start\":\"OFF\",\"remark\":\"\u4e0d\u53ef\u60c5\u5831\"},{\"destination_name\":\"TBL2\",\"disp_order\":0,\"is_start\":\"OFF\",\"remark\":\"\u4e0d\u53ef\u60c5\u5831\"},{\"destination_name\":\"\u30b4\u30fc\u30eb\",\"disp_order\":0,\"is_start\":\"OFF\",\"remark\":\"\u4e0d\u53ef\u60c5\u5831\"}]},{\"map_name\":\"test2\",\"current_map_flg\":0,\"remark\":\"1F\",\"destination_list\":[{\"destination_name\":\"\u53a8\u623f2\",\"disp_order\":0,\"is_start\":\"ON\",\"remark\":\"\u4e0d\u53ef\u60c5\u5831\"},{\"destination_name\":\"\u30b4\u30fc\u30eb2\",\"disp_order\":0,\"is_start\":\"OFF\",\"remark\":\"\u4e0d\u53ef\u60c5\u5831\"}]},{\"map_name\":\"test3\",\"current_map_flg\":0,\"remark\":\"1F\",\"destination_list\":[{\"destination_name\":\"\u53a8\u623f\",\"disp_order\":0,\"is_start\":\"ON\",\"remark\":\"\u4e0d\u53ef\u60c5\u5831\"},{\"destination_name\":\"TBL1\",\"disp_order\":0,\"is_start\":\"ON\",\"remark\":\"\u4e0d\u53ef\u60c5\u5831\"},{\"destination_name\":\"TBL2\",\"disp_order\":0,\"is_start\":\"ON\",\"remark\":\"\u4e0d\u53ef\u60c5\u5831\"},{\"destination_name\":\"\u30b4\u30fc\u30eb\",\"disp_order\":0,\"is_start\":\"OFF\",\"remark\":\"\u4e0d\u53ef\u60c5\u5831\"}]},{\"map_name\":\"test4\",\"current_map_flg\":0,\"remark\":\"1F\",\"destination_list\":[{\"destination_name\":\"\u53a8\u623f\",\"disp_order\":0,\"is_start\":\"ON\",\"remark\":\"\u4e0d\u53ef\u60c5\u5831\"},{\"destination_name\":\"TBL1\",\"disp_order\":0,\"is_start\":\"ON\",\"remark\":\"\u4e0d\u53ef\u60c5\u5831\"},{\"destination_name\":\"TBL2\",\"disp_order\":0,\"is_start\":\"ON\",\"remark\":\"\u4e0d\u53ef\u60c5\u5831\"},{\"destination_name\":\"\u30b4\u30fc\u30eb\",\"disp_order\":0,\"is_start\":\"OFF\",\"remark\":\"\u4e0d\u53ef\u60c5\u5831\"}]},{\"map_name\":\"test5\",\"current_map_flg\":0,\"remark\":\"1F\",\"destination_list\":[{\"destination_name\":\"\u53a8\u623f\",\"disp_order\":0,\"is_start\":\"ON\",\"remark\":\"\u4e0d\u53ef\u60c5\u5831\"},{\"destination_name\":\"TBL1\",\"disp_order\":0,\"is_start\":\"ON\",\"remark\":\"\u4e0d\u53ef\u60c5\u5831\"},{\"destination_name\":\"TBL2\",\"disp_order\":0,\"is_start\":\"ON\",\"remark\":\"\u4e0d\u53ef\u60c5\u5831\"},{\"destination_name\":\"\u30b4\u30fc\u30eb\",\"disp_order\":0,\"is_start\":\"OFF\",\"remark\":\"\u4e0d\u53ef\u60c5\u5831\"}]}]","tolerance":"{\"destination_list\":null,\"destinations\":{\"\u53a8\u623f\":\"110\",\"TBL1\":\"110\",\"TBL2\":\"110\",\"\u30b4\u30fc\u30eb\":\"110\",\"\u5145\u96fb\u5834\u6240\":\"110\"},\"tolerance\":\"110\"}","battery_status":"2","move_from":"","api":"get_current_location","announce_volume":"100","hub":"{\"hub\":null,\"destination_list\":null,\"wait\":\"25\"}","mode":"normal","music":"1","senario":"[{\"name\":\"\u30c7\u30d5\u30a9\u30eb\u30c8\",\"destination_list\":null,\"wait\":\"125\"},{\"name\":\"test\",\"destination_list\":[\"\u53a8\u623f\",\"TBL2\",\"\u30b4\u30fc\u30eb\",\"TBL1\",\"TBL2\",\"\u53a8\u623f\",\"\u30b4\u30fc\u30eb\",\"\u5145\u96fb\u5834\u6240\"],\"wait\":\"125\"}]","reserve":"[{\"senario_name\":\"\u30c7\u30d5\u30a9\u30eb\u30c8\",\"time\":\"15:00\",\"enable\":false}]","battery_level":"90","message":"{\"autostart\":\"0\"}"}