{
  "wakeup": [
    {
    "name": "運搬モードを起動します",
    "audio": "001_20240107.wav"
    },
    {
      "name": "こんにちは。BUDDYです。",
      "audio": "002_20240107.wav"
    },
    {
      "name": "おはようございます",
      "audio": "003_20240107.wav"
    },
    {
      "name": "メッセージなし",
      "audio": ""
    }
  ],
  "map" : [
    {
      "name": "地図を選択してください",
      "audio": "004_20240107.wav"
    },
    {
      "name": "メッセージなし",
      "audio": ""
    }
  ],
  "select" :[
    {
      "name": "目的地を選択してください",
      "audio": "005_20240107.wav"
    },
    {
      "name": "僕を向かわせたい場所を選んでください",
      "audio": "006_20240107.wav"
    },
    {
      "name": "配膳先の卓を選択してください",
      "audio": "007_20240107.wav"
    },
    {
      "name": "メッセージなし",
      "audio": ""
    }
  ],
  "sequence" :[
    {
      "name": "順番に目的地を選択してください",
      "audio": "008_20240107.wav"
    },
    {
      "name": "僕を向かわせたい場所を選んでください。選んだ順番でまわってきます",
      "audio": "009_20240107.wav"
    },
    {
      "name": "メッセージなし",
      "audio": ""
    }
  ],
  "onmove" : [
    {
      "name": "移動開始します",
      "audio": "010_20240107.wav"
    },
    {
      "name": "ありがとうございました。またのご注文をお待ちしております",
      "audio": "011_20240107.wav"
    },
    {
      "name": "メッセージなし",
      "audio": ""
    }
  ],
  "moving" : [
    {
      "name": "メッセージなし",
      "audio": ""
    },
    {
      "name": "福島県産アピール",
      "audio": "20240204_001.wav"
    }
  ],
  "halt" : [
    {
      "name": "衝突防止のため停止しました。障害物がなくなると自動で復帰します",
      "audio": "012_20240107.wav"
    },
    {
      "name": "安全のために止まりました。申し訳ありませんが、通して頂けませんか。",
      "audio": "013_20240107.wav"
    },
    {
      "name": "メッセージなし",
      "audio": ""
    }
  ],
  "relocate" : [
    {
      "name": "目的地にロボットを移動させ、位置を入力してください",
      "audio": "014_20240107.wav"
    },
    {
      "name": "どこかの目的地にセットして、位置を教えてください",
      "audio": "015_20240107.wav"
    },
    {
      "name": "メッセージなし",
      "audio": ""
    }
  ],
  "complete" : [
    {
      "name": "目的地に到着しました。次の目的地を選択してください",
      "audio": "016_20240107.wav"
    },
    {
      "name": "お待たせいたしました。",
      "audio": "017_20240107.wav"
    },
    {
      "name": "大変お待たせしました。",
      "audio": "018_20240107.wav"
    },
    {
      "name": "メッセージなし",
      "audio": ""
    }
  ],
  "turnaround" : [
    {
      "name": "往復運転のため折り返します",
      "audio": "019_20240107.wav"
    },
    {
      "name": "メッセージなし",
      "audio": ""
    }
  ],
  "autostart": [
    {
      "name": "配膳物をお取りになり、お手数ではございますが、厨房へ戻るボタンを推してください",
      "audio": "020_20240107.wav"
    },
    {
      "name": "お待たせいたしました。器、鉄板が大変お熱くなっています。気を付けてお取りください。お取りになりましたら画面の戻るボタンを押してください。",
      "audio": "20250019_001.wav"
    },
    {
      "name": "お待たせいたしました。お取りになりましたらディスプレイの戻るボタンを押してください",
      "audio": "20240127_001.wav"
    },
    {
      "name": "規定時間がたつと自動で戻ります。配膳したものをお取りください",
      "audio": "021_20240107.wav"
    },
    {
      "name": "大変お待たせいたしました。お食事をお取りください。",
      "audio": "022_20240107.wav"
    },
    {
      "name": "食べ物をお取りになり、お手数ではございますが、厨房へ戻るボタンを推してください",
      "audio": "023_20240107.wav"
    },
    {
      "name": "大変お待たせしました。お取りください。お手数ではございますが、厨房へ戻るボタンを推してください",
      "audio": "024_20240107.wav"
    },
    {
      "name": "こんにちわ。バディーです。日本ピストンリングへ、ようこそお越しくださいました",
      "audio": "20240120_001.wav"
    },
    {
      "name": "こんにちわ。バディーです。ノルメカエイシアへ、ようこそお越しくださいました",
      "audio": "20240525_001.wav"
    },
    {
      "name": "メッセージなし",
      "audio": ""
    }
  ]
}
