{"cutin":"false","order":"[\"A\",\"B\",\"C\",\"D\",\"\u62e0\u70b9\",\"\u9000\u907f\u5834\u6240\"]","multiple_flg":"true","multiple":"{\"count\":0,\"myip\":\"192.168.11.31\",\"mynumber\":0,\"iplist\":[\"192.168.11.44\"],\"hublist\":[\"\u9000\u907f\u5834\u6240\"],\"exceptionlist\":[\"A\",\"B\"],\"avoidance\":\"\u62e0\u70b9\"}","status":"{\"move\":false,\"error\":false,\"halt\":false,\"autostart\":false,\"interval\":false}","turnaround":"{\"number\":0,\"wait\":25}","current_map":"test3","trip_mode":"hub","announce":"{\"wakeup\":\"0\",\"map\":\"0\",\"select\":\"0\",\"sequence\":\"0\",\"onmove\":\"0\",\"moving\":\"0\",\"halt\":\"0\",\"face\":\"0\",\"relocate\":\"0\",\"complete\":\"0\",\"autostart\":\"0\",\"turnaround\":\"0\"}","battery":"{\"alert\":20,\"warning\":10,\"status\":0,\"level\":90}","current_location":"C","work":"{\"list\":[],\"number\":0,\"from\":null,\"to\":null,\"reset\":0,\"ready\":false}","velocity":"100","reserve_Main":"","charge_spot":"\u5145\u96fb\u5834\u6240","sequence":"{\"destination_settings\":[],\"wait\":\"25\"}","operated":"false","lowbattery_count":"1","music_volume":"80","senario_edit":"false","destination_list":"[\"A\",\"B\",\"C\",\"D\",\"\u62e0\u70b9\",\"\u9000\u907f\u5834\u6240\"]","map_list":"[{\"map_name\":\"test\",\"current_map_flg\":0,\"remark\":\"1F\",\"destination_list\":[{\"destination_name\":\"\u5145\u96fb\u5834\u6240\",\"disp_order\":0,\"is_start\":\"ON\",\"remark\":\"\u4ed8\u52a0\u60c5\u5831\"},{\"destination_name\":\"\u53a8\u623f\",\"disp_order\":0,\"is_start\":\"OFF\",\"remark\":\"\u4ed8\u52a0\u60c5\u5831\"},{\"destination_name\":\"TBL1\",\"disp_order\":0,\"is_start\":\"OFF\",\"remark\":\"\u4ed8\u52a0\u60c5\u5831\"},{\"destination_name\":\"TBL2\",\"disp_order\":0,\"is_start\":\"OFF\",\"remark\":\"\u4ed8\u52a0\u60c5\u5831\"},{\"destination_name\":\"\u30b4\u30fc\u30eb\",\"disp_order\":0,\"is_start\":\"OFF\",\"remark\":\"\u4ed8\u52a0\u60c5\u5831\"}]},{\"map_name\":\"test2\",\"current_map_flg\":0,\"remark\":\"1F\",\"destination_list\":[{\"destination_name\":\"\u53a8\u623f2\",\"disp_order\":0,\"is_start\":\"ON\",\"remark\":\"\u4ed8\u52a0\u60c5\u5831\"},{\"destination_name\":\"\u30b4\u30fc\u30eb2\",\"disp_order\":0,\"is_start\":\"OFF\",\"remark\":\"\u4ed8\u52a0\u60c5\u5831\"}]},{\"map_name\":\"test3\",\"current_map_flg\":1,\"remark\":\"1F\",\"destination_list\":[{\"destination_name\":\"A\",\"disp_order\":0,\"is_start\":\"ON\",\"remark\":\"\u4ed8\u52a0\u60c5\u5831\"},{\"destination_name\":\"B\",\"disp_order\":0,\"is_start\":\"ON\",\"remark\":\"\u4ed8\u52a0\u60c5\u5831\"},{\"destination_name\":\"C\",\"disp_order\":0,\"is_start\":\"ON\",\"remark\":\"\u4ed8\u52a0\u60c5\u5831\"},{\"destination_name\":\"D\",\"disp_order\":0,\"is_start\":\"OFF\",\"remark\":\"\u4ed8\u52a0\u60c5\u5831\"},{\"destination_name\":\"\u62e0\u70b9\",\"disp_order\":0,\"is_start\":\"OFF\",\"remark\":\"\u4ed8\u52a0\u60c5\u5831\"},{\"destination_name\":\"\u9000\u907f\u5834\u6240\",\"disp_order\":0,\"is_start\":\"OFF\",\"remark\":\"\u4ed8\u52a0\u60c5\u5831\"}]},{\"map_name\":\"test4\",\"current_map_flg\":0,\"remark\":\"1F\",\"destination_list\":[{\"destination_name\":\"\u53a8\u623f\",\"disp_order\":0,\"is_start\":\"ON\",\"remark\":\"\u4ed8\u52a0\u60c5\u5831\"},{\"destination_name\":\"TBL1\",\"disp_order\":0,\"is_start\":\"ON\",\"remark\":\"\u4ed8\u52a0\u60c5\u5831\"},{\"destination_name\":\"TBL2\",\"disp_order\":0,\"is_start\":\"ON\",\"remark\":\"\u4ed8\u52a0\u60c5\u5831\"},{\"destination_name\":\"\u30b4\u30fc\u30eb\",\"disp_order\":0,\"is_start\":\"OFF\",\"remark\":\"\u4ed8\u52a0\u60c5\u5831\"}]},{\"map_name\":\"test5\",\"current_map_flg\":0,\"remark\":\"1F\",\"destination_list\":[{\"destination_name\":\"\u5de6\",\"disp_order\":0,\"is_start\":\"ON\",\"remark\":\"\u4ed8\u52a0\u60c5\u5831\"},{\"destination_name\":\"\u53f3\",\"disp_order\":0,\"is_start\":\"ON\",\"remark\":\"\u4ed8\u52a0\u60c5\u5831\"},{\"destination_name\":\"TMU\",\"disp_order\":0,\"is_start\":\"ON\",\"remark\":\"\u4ed8\u52a0\u60c5\u5831\"},{\"destination_name\":\"Center\",\"disp_order\":0,\"is_start\":\"OFF\",\"remark\":\"\u4ed8\u52a0\u60c5\u5831\"},{\"destination_name\":\"\u5965\",\"disp_order\":0,\"is_start\":\"OFF\",\"remark\":\"\u4ed8\u52a0\u60c5\u5831\"},{\"destination_name\":\"LOMBY\",\"disp_order\":0,\"is_start\":\"OFF\",\"remark\":\"\u4ed8\u52a0\u60c5\u5831\"}]}]","tolerance":"{\"destination_settings\":{\"A\":\"110\",\"B\":\"110\",\"C\":\"110\",\"D\":\"110\",\"\u62e0\u70b9\":\"110\",\"\u9000\u907f\u5834\u6240\":\"110\"},\"default\":\"110\"}","checkingAvoidance":"false","api":"get_system_data","announce_volume":"100","hub":"{\"hub\":\"\u62e0\u70b9\",\"destination_settings\":[\"\u9000\u907f\u5834\u6240\"],\"wait\":\"200\"}","reserve_Under":"","music":"0","senario":"[{\"name\":\"default\",\"destination_settings\":[],\"wait\":\"25\"}]","reserve":"[{\"senario_number\":0,\"senario_name\":\"default\",\"time\":\"15:00\",\"enable\":false}]","next_reserve":"0","message":"{\"sequence\":\"0\",\"hub\":\"0\",\"senario\":\"0\",\"complete\":\"0\",\"autostart\":\"0\",\"turnaround\":\"0\"}"}