{
  "wakeup": [
    {
    "name": "運搬モードを起動します",
    "audio": "speech_20200711192515181.mp3"
    },
    {
      "name": "こんにちは。BUDDYです。",
      "audio": "speech_20200711192515181.mp3"
    },
    {
      "name": "メッセージなし",
      "audio": ""
    }
  ],
  "map" : [
    {
      "name": "目的地を選択してください",
      "audio": "speech_20220604223606822.mp3"
    }
  ],
  "select" :[
    {
      "name": "目的地を選択してください",
      "audio": "speech_20200714185515818.mp3"
    },
    {
      "name": "僕を向かわせたい場所を選んでください",
      "audio": "speech_20220305152915818.mp3"
    },
    {
      "name": "メッセージなし",
      "audio": ""
    }
  ],
  "sequence" :[
    {
      "name": "目的地を選択してください",
      "audio": "speech_20200714185515818.mp3"
    },
    {
      "name": "僕を向かわせたい場所を選んでください",
      "audio": "speech_20220305152915818.mp3"
    },
    {
      "name": "メッセージなし",
      "audio": ""
    }
  ],
  "onmove" : [
    {
      "name": "移動開始します",
      "audio": "speech_20200714201315818.mp3"
    },
    {
      "name": "メッセージなし",
      "audio": ""
    }
  ],
  "halt" : [
    {
      "name": "衝突防止のため停止しました。障害物がなくなると自動で復帰します",
      "audio": "speech_20200714211915818.mp3"
    },
    {
      "name": "安全のために止まりました。申し訳ありませんが、通して頂けませんか。",
      "audio": "speech_20220305160816818.mp3"
    }
  ],
  "relocate" : [
    {
      "name": "マークが二個見える位置にセットし、設置完了を押してください",
      "audio": "speech_20220305160515818.mp3"
    },
    {
      "name": "詳細版",
      "audio": "speech_20220922152215818..mp3"
    },
    {
      "name": "メッセージなし",
      "audio": ""
    }
  ],
  "complete" : [
    {
      "name": "目的地に到着しました。次の目的地を選択してください",
      "audio": "speech_20200625155315818.mp3"
    },
    {
      "name": "お待たせいたしました。",
      "audio": "speech_20211206142015818.mp3"
    }
  ],
  "turnaround" : [
    {
      "name": "往復運転のため折り返します",
      "audio": "speech_20200811203715818.mp3"
    },
    {
      "name": "メッセージなし",
      "audio": ""
    }
  ],
  "autostart": [
    {
      "name": "飲み物をお取りになり、お手数ではございますが、厨房へ戻るボタンを推してください",
      "audio": "speech_20210324231615181.mp3"
    },
    {
      "name": "規定時間がたつと自動で戻ります。配膳したものをお取りください",
      "audio": "speech_20220925051615181.mp3"
    },
    {
      "name": "大変お待たせいたしました。お食事をお取りください。",
      "audio": "speech_20221101062212420.mp3"
    },
    {
      "name": "[High]大変お待たせいたしました。お食事をお取りください。",
      "audio": "speech_20230201014400527.mp3"
    },
    {
      "name": "[X-High]大変お待たせいたしました。お食事をお取りください。",
      "audio": "speech_20230201014346814.mp3"
    },
    {
      "name": "メッセージなし",
      "audio": ""
    },
    {
      "name": "食べ物をお取りになり、お手数ではございますが、厨房へ戻るボタンを推してください",
      "audio": "speech_20221031082333945.mp3"
    }
  ]
}
