{
  "current_map": "default",
  "settings" :{
    "default" : {
      "music": "0",
      "music_volume": "80",
      "announce" : {
        "wakeup" : "0",
        "map" : "0",
        "select" : "0",
        "sequence" : "0",
        "onmove" : "0",
        "halt" : "0",
        "face" : "0",
        "relocate" : "0",
        "complete" : "0",
        "autostart" : "0",
        "turnaround" : "0"
      },
      "announce_volume": "100",
      "trip_mode": "2",
      "velocity": "100",
      "hub_destination_id" :"wp010001",
      "sequence_destination_id" :"",
      "wait" : {
        "complete" : "6",
        "turnaround" : "25",
        "sequence" : "25",
        "hub" : "10",
        "round" : "6"
      }
    }
  }
}