{
	"type":"get_destination_list",
	"data":{
	  "map_list":[
		  {
			  "map_id":1,
			  "map_name":"7列沢山",
			  "destination_list":[
				{
					"destination_id":"00001",
					"destination_mark_index":1,
					"destination_name":"レジ",
					"disp_order":1.0,
					"stop_angle":180.0,
					"point_x":10,
					"point_y":7,
					"is_start": 1,
					"remark":"2Fスワップポイント"
				},
				{
					"destination_id":"00002",
					"destination_mark_index":2,
					"destination_name":"21",
					"disp_order":2.0,
					"stop_angle":180.0,
					"point_x":11,
					"point_y":19,
					"is_start": 0,
					"remark":""
				},
				{
					"destination_id":"00003",
					"destination_mark_index":3,
					"destination_name":"23",
					"disp_order":3.0,
					"stop_angle":180.0,
					"point_x":11,
					"point_y":19,
					"is_start": 0,
					"remark":"2Fスワップポイント"
				},
				{
					"destination_id":"00004",
					"destination_mark_index":4,
					"destination_name":"1",
					"disp_order":4.0,
					"stop_angle":180.0,
					"point_x":15,
					"point_y":13,
					"is_start": 0,
					"remark":""
				},
				{
					  "destination_id":"00005",
					  "destination_mark_index":5,
					  "destination_name":"24",
					  "disp_order":5.0,
					  "stop_angle":180.0,
					  "point_x":16,
					  "point_y":19,
					  "is_start": 0,
					  "remark":""
				  },
				  {
					  "destination_id":"00006",
					  "destination_mark_index":6,
					  "destination_name":"2",
					  "disp_order":6.0,
					  "stop_angle":180.0,
					  "point_x":17,
					  "point_y":13,
					  "is_start": 0,
					  "remark":""
				  },
				  {
					  "destination_id":"00007",
					  "destination_mark_index":7,
					  "destination_name":"3",
					  "disp_order":7.0,
					  "stop_angle":180.0,
					  "point_x":19,
					  "point_y":13,
					  "is_start": 0,
					  "remark":""
				  },
				  {
					  "destination_id":"00008",
					  "destination_mark_index":8,
					  "destination_name":"31",
					  "disp_order":8.0,
					  "stop_angle":180.0,
					  "point_x":19,
					  "point_y":16,
					  "is_start": 0,
					  "remark":""
				  },
				  {
					  "destination_id":"00009",
					  "destination_mark_index":9,
					  "destination_name":"34",
					  "disp_order":9.0,
					  "stop_angle":180.0,
					  "point_x":20,
					  "point_y":16,
					  "is_start": 0,
					  "remark":""
				  },
				  {
					  "destination_id":"00010",
					  "destination_mark_index":10,
					  "destination_name":"25",
					  "disp_order":10.0,
					  "stop_angle":180.0,
					  "point_x":20,
					  "point_y":19,
					  "is_start": 0,
					  "remark":""
				  },
				  {
					  "destination_id":"00011",
					  "destination_mark_index":11,
					  "destination_name":"4",
					  "disp_order":11.0,
					  "stop_angle":180.0,
					  "point_x":21,
					  "point_y":31,
					  "is_start": 0,
					  "remark":""
				  },
				  {
					  "destination_id":"00012",
					  "destination_mark_index":12,
					  "destination_name":"5",
					  "disp_order":12.0,
					  "stop_angle":180.0,
					  "point_x":23,
					  "point_y":13,
					  "is_start": 0,
					  "remark":""
				  },
				  {
					  "destination_id":"00013",
					  "destination_mark_index":13,
					  "destination_name":"26",
					  "disp_order":13.0,
					  "stop_angle":180.0,
					  "point_x":24,
					  "point_y":19,
					  "is_start": 0,
					  "remark":""
				  },
				  {
					"destination_id":"00014",
					"destination_mark_index":14,
					"destination_name":"厨房",
					"disp_order":14.0,
					"stop_angle":180.0,
					"point_x":25,
					"point_y":7,
					"is_start": 0,
					"remark":""
				},
				{
					  "destination_id":"00015",
					  "destination_mark_index":15,
					  "destination_name":"41",
					  "disp_order":15.0,
					  "stop_angle":180.0,
					  "point_x":29,
					  "point_y":18,
					  "is_start": 0,
					  "remark":""
				  },
				  {
					  "destination_id":"00016",
					  "destination_mark_index":16,
					  "destination_name":"44",
					  "disp_order":16.0,
					  "stop_angle":180.0,
					  "point_x":29,
					  "point_y":18,
					  "is_start": 0,
					  "remark":""
				  },
				  {
					  "destination_id":"00017",
					  "destination_mark_index":17,
					  "destination_name":"42",
					  "disp_order":17.0,
					  "stop_angle":180.0,
					  "point_x":32,
					  "point_y":18,
					  "is_start": 0,
					  "remark":""
				  },
				  {
					"destination_id":"00018",
					"destination_mark_index":18,
					"destination_name":"43",
					"disp_order":18.0,
					"stop_angle":180.0,
					"point_x":32,
					"point_y":18,
					"is_start": 0,
					"remark":""
				  },
				  {
					"destination_id":"00019",
					"destination_mark_index":19,
					"destination_name":"32",
					"disp_order":18.0,
					"stop_angle":180.0,
					"point_x":32,
					"point_y":18,
					"is_start": 0,
					"remark":""
				  },
				  {
					"destination_id":"00020",
					"destination_mark_index":20,
					"destination_name":"33",
					"disp_order":18.0,
					"stop_angle":180.0,
					"point_x":32,
					"point_y":18,
					"is_start": 0,
					"remark":""
				  },
				  {
					"destination_id":"00021",
					"destination_mark_index":21,
					"destination_name":"22",
					"disp_order":18.0,
					"stop_angle":180.0,
					"point_x":32,
					"point_y":18,
					"is_start": 0,
					"remark":""
				  },
				  {
					"destination_id":"00022",
					"destination_mark_index":22,
					"destination_name":"6",
					"disp_order":18.0,
					"stop_angle":180.0,
					"point_x":32,
					"point_y":18,
					"is_start": 0,
					"remark":""
				  },
				  {
					"destination_id":"00023",
					"destination_mark_index":23,
					"destination_name":"7",
					"disp_order":18.0,
					"stop_angle":180.0,
					"point_x":32,
					"point_y":18,
					"is_start": 0,
					"remark":""
				  },
				  {
					"destination_id":"00024",
					"destination_mark_index":24,
					"destination_name":"a8卓",
					"disp_order":18.0,
					"stop_angle":180.0,
					"point_x":32,
					"point_y":18,
					"is_start": 0,
					"remark":""
				  },
				  {
					"destination_id":"00025",
					"destination_mark_index":25,
					"destination_name":"45",
					"disp_order":18.0,
					"stop_angle":180.0,
					"point_x":32,
					"point_y":18,
					"is_start": 0,
					"remark":""
				  },
				  {
					"destination_id":"00026",
					"destination_mark_index":26,
					"destination_name":"2予約席",
					"disp_order":18.0,
					"stop_angle":180.0,
					"point_x":32,
					"point_y":18,
					"is_start": 0,
					"remark":""
				  },
          {
            "destination_id": "00027",
            "destination_mark_index": 27,
            "destination_name": "b1厨房",
            "disp_order": 14.0,
            "stop_angle": 180.0,
            "point_x": 25,
            "point_y": 7,
            "is_start": 0,
            "remark": ""
          },
          				  {
					"destination_id":"00028",
					"destination_mark_index":28,
					"destination_name":"厨房A",
					"disp_order":1.0,
					"stop_angle":180.0,
					"point_x":1,
					"point_y":2,
					"is_start": 1,
					"remark":"2Fスワップポイント"
				  },
				  {
					  "destination_id":"00029",
					  "destination_mark_index":29,
					  "destination_name":"洗濯室",
					  "disp_order":1.0,
					  "stop_angle":180.0,
					  "point_x":1,
					  "point_y":2,
					  "is_start": 0,
					  "remark":"2Fスワップポイント"
					},
					{
					"destination_id":"00030",
					"destination_mark_index":30,
					"destination_name":"調理室",
					"disp_order":2.0,
					"stop_angle":180.0,
					"point_x":1,
					"point_y":3,
					"is_start": 0,
					"remark":""
			},
			{
				"destination_id":"00031",
				"destination_mark_index":31,
				"destination_name":"50卓",
				"disp_order":1.0,
				"stop_angle":180.0,
				"point_x":1,
				"point_y":2,
				"is_start": 1,
				"remark":"2Fスワップポイント"
			  },
			  {
				  "destination_id":"00032",
				  "destination_mark_index":32,
				  "destination_name":"51",
				  "disp_order":1.0,
				  "stop_angle":180.0,
				  "point_x":1,
				  "point_y":2,
				  "is_start": 0,
				  "remark":"2Fスワップポイント"
				},
				{
				"destination_id":"00033",
				"destination_mark_index":33,
				"destination_name":"52",
				"disp_order":2.0,
				"stop_angle":180.0,
				"point_x":1,
				"point_y":3,
				"is_start": 0,
				"remark":""
		},
		{
			"destination_id":"00034",
			"destination_mark_index":34,
			"destination_name":"53",
			"disp_order":1.0,
			"stop_angle":180.0,
			"point_x":1,
			"point_y":2,
			"is_start": 0,
			"remark":"2Fスワップポイント"
		  },
		  {
		  "destination_id":"00035",
		  "destination_mark_index":35,
		  "destination_name":"54",
		  "disp_order":2.0,
		  "stop_angle":180.0,
		  "point_x":1,
		  "point_y":3,
		  "is_start": 0,
		  "remark":""
  },
			{
					"destination_id":"00036",
					"destination_mark_index":36,
					"destination_name":"１卓",
					"disp_order":2.0,
					"stop_angle":180.0,
					"point_x":1,
					"point_y":3,
					"is_start": 0,
					"remark":""
				  },
				  {
					"destination_id":"00037",
					"destination_mark_index":37,
					"destination_name":"２卓",
					"disp_order":2.0,
					"stop_angle":180.0,
					"point_x":1,
					"point_y":3,
					"is_start": 0,
					"remark":""
				  },
				  {
					"destination_id":"00038",
					"destination_mark_index":38,
					"destination_name":"３卓",
					"disp_order":2.0,
					"stop_angle":180.0,
					"point_x":1,
					"point_y":3,
					"is_start": 0,
					"remark":""
				  }
			  ]
		  },
		{
			  "map_id":6,
			  "map_name":"6列沢山",
			  "destination_list":[
				  {
					"destination_id":"00001",
					"destination_mark_index":1,
					"destination_name":"レジ",
					"disp_order":1.0,
					"stop_angle":180.0,
					"point_x":10,
					"point_y":7,
					"is_start": 1,
					"remark":"2Fスワップポイント"
				  },
				  {
					"destination_id":"00002",
					"destination_mark_index":2,
					"destination_name":"21",
					"disp_order":2.0,
					"stop_angle":180.0,
					"point_x":11,
					"point_y":19,
					"is_start": 0,
					"remark":""
					},
					{
					"destination_id":"00003",
					"destination_mark_index":3,
					"destination_name":"23",
					"disp_order":3.0,
					"stop_angle":180.0,
					"point_x":11,
					"point_y":19,
					"is_start": 0,
					"remark":"2Fスワップポイント"
				  },
				  {
					"destination_id":"00004",
					"destination_mark_index":4,
					"destination_name":"1",
					"disp_order":4.0,
					"stop_angle":180.0,
					"point_x":15,
					"point_y":13,
					"is_start": 0,
					"remark":""
				  },
				  {
					  "destination_id":"00005",
					  "destination_mark_index":5,
					  "destination_name":"24",
					  "disp_order":5.0,
					  "stop_angle":180.0,
					  "point_x":16,
					  "point_y":19,
					  "is_start": 0,
					  "remark":""
				  },
				  {
					  "destination_id":"00006",
					  "destination_mark_index":6,
					  "destination_name":"2",
					  "disp_order":6.0,
					  "stop_angle":180.0,
					  "point_x":17,
					  "point_y":13,
					  "is_start": 0,
					  "remark":""
				  },
				  {
					  "destination_id":"00007",
					  "destination_mark_index":7,
					  "destination_name":"3",
					  "disp_order":7.0,
					  "stop_angle":180.0,
					  "point_x":19,
					  "point_y":13,
					  "is_start": 0,
					  "remark":""
				  },
				  {
					  "destination_id":"00008",
					  "destination_mark_index":8,
					  "destination_name":"31",
					  "disp_order":8.0,
					  "stop_angle":180.0,
					  "point_x":19,
					  "point_y":16,
					  "is_start": 0,
					  "remark":""
				  },
				  {
					  "destination_id":"00009",
					  "destination_mark_index":9,
					  "destination_name":"34",
					  "disp_order":9.0,
					  "stop_angle":180.0,
					  "point_x":20,
					  "point_y":16,
					  "is_start": 0,
					  "remark":""
				  },
				  {
					  "destination_id":"00010",
					  "destination_mark_index":10,
					  "destination_name":"25",
					  "disp_order":10.0,
					  "stop_angle":180.0,
					  "point_x":20,
					  "point_y":19,
					  "is_start": 0,
					  "remark":""
				  },
				  {
					  "destination_id":"00011",
					  "destination_mark_index":11,
					  "destination_name":"4",
					  "disp_order":11.0,
					  "stop_angle":180.0,
					  "point_x":21,
					  "point_y":31,
					  "is_start": 0,
					  "remark":""
				  },
				  {
					  "destination_id":"00012",
					  "destination_mark_index":12,
					  "destination_name":"5",
					  "disp_order":12.0,
					  "stop_angle":180.0,
					  "point_x":23,
					  "point_y":13,
					  "is_start": 0,
					  "remark":""
				  },
				  {
					  "destination_id":"00013",
					  "destination_mark_index":13,
					  "destination_name":"26",
					  "disp_order":13.0,
					  "stop_angle":180.0,
					  "point_x":24,
					  "point_y":19,
					  "is_start": 0,
					  "remark":""
				  },
				  {
					"destination_id":"00014",
					"destination_mark_index":14,
					"destination_name":"厨房",
					"disp_order":14.0,
					"stop_angle":180.0,
					"point_x":25,
					"point_y":7,
					"is_start": 0,
					"remark":""
				},
				{
					  "destination_id":"00015",
					  "destination_mark_index":15,
					  "destination_name":"41",
					  "disp_order":15.0,
					  "stop_angle":180.0,
					  "point_x":29,
					  "point_y":18,
					  "is_start": 0,
					  "remark":""
				  },
				  {
					  "destination_id":"00016",
					  "destination_mark_index":16,
					  "destination_name":"44",
					  "disp_order":16.0,
					  "stop_angle":180.0,
					  "point_x":29,
					  "point_y":18,
					  "is_start": 0,
					  "remark":""
				  },
				  {
					  "destination_id":"00017",
					  "destination_mark_index":17,
					  "destination_name":"42",
					  "disp_order":17.0,
					  "stop_angle":180.0,
					  "point_x":32,
					  "point_y":18,
					  "is_start": 0,
					  "remark":""
				  },
				  {
					"destination_id":"00018",
					"destination_mark_index":18,
					"destination_name":"43",
					"disp_order":18.0,
					"stop_angle":180.0,
					"point_x":32,
					"point_y":18,
					"is_start": 0,
					"remark":""
				  },
				  {
					"destination_id":"00019",
					"destination_mark_index":19,
					"destination_name":"32",
					"disp_order":18.0,
					"stop_angle":180.0,
					"point_x":32,
					"point_y":18,
					"is_start": 0,
					"remark":""
				  },
				  {
					"destination_id":"00020",
					"destination_mark_index":20,
					"destination_name":"33",
					"disp_order":18.0,
					"stop_angle":180.0,
					"point_x":32,
					"point_y":18,
					"is_start": 0,
					"remark":""
				  },
				  {
					"destination_id":"00021",
					"destination_mark_index":21,
					"destination_name":"22",
					"disp_order":18.0,
					"stop_angle":180.0,
					"point_x":32,
					"point_y":18,
					"is_start": 0,
					"remark":""
				  },
				  {
					"destination_id":"00022",
					"destination_mark_index":22,
					"destination_name":"6",
					"disp_order":18.0,
					"stop_angle":180.0,
					"point_x":32,
					"point_y":18,
					"is_start": 0,
					"remark":""
				  },
				  {
					"destination_id":"00024",
					"destination_mark_index":24,
					"destination_name":"a8卓",
					"disp_order":18.0,
					"stop_angle":180.0,
					"point_x":32,
					"point_y":18,
					"is_start": 0,
					"remark":""
				  },
				  {
					"destination_id":"00025",
					"destination_mark_index":25,
					"destination_name":"45",
					"disp_order":18.0,
					"stop_angle":180.0,
					"point_x":32,
					"point_y":18,
					"is_start": 0,
					"remark":""
				  },
				  {
					"destination_id":"00026",
					"destination_mark_index":26,
					"destination_name":"2予約席",
					"disp_order":18.0,
					"stop_angle":180.0,
					"point_x":32,
					"point_y":18,
					"is_start": 0,
					"remark":""
				  },
          {
            "destination_id": "00027",
            "destination_mark_index": 27,
            "destination_name": "b1厨房",
            "disp_order": 14.0,
            "stop_angle": 180.0,
            "point_x": 25,
            "point_y": 7,
            "is_start": 0,
            "remark": ""
          },
          				  {
					"destination_id":"00028",
					"destination_mark_index":28,
					"destination_name":"厨房A",
					"disp_order":1.0,
					"stop_angle":180.0,
					"point_x":1,
					"point_y":2,
					"is_start": 1,
					"remark":"2Fスワップポイント"
				  },
				  {
					  "destination_id":"00029",
					  "destination_mark_index":29,
					  "destination_name":"洗濯室",
					  "disp_order":1.0,
					  "stop_angle":180.0,
					  "point_x":1,
					  "point_y":2,
					  "is_start": 0,
					  "remark":"2Fスワップポイント"
					},
					{
					"destination_id":"00030",
					"destination_mark_index":30,
					"destination_name":"調理室",
					"disp_order":2.0,
					"stop_angle":180.0,
					"point_x":1,
					"point_y":3,
					"is_start": 0,
					"remark":""
			},
			{
				"destination_id":"00031",
				"destination_mark_index":31,
				"destination_name":"50卓",
				"disp_order":1.0,
				"stop_angle":180.0,
				"point_x":1,
				"point_y":2,
				"is_start": 1,
				"remark":"2Fスワップポイント"
			  },
			  {
				  "destination_id":"00032",
				  "destination_mark_index":32,
				  "destination_name":"51",
				  "disp_order":1.0,
				  "stop_angle":180.0,
				  "point_x":1,
				  "point_y":2,
				  "is_start": 0,
				  "remark":"2Fスワップポイント"
				},
				{
				"destination_id":"00033",
				"destination_mark_index":33,
				"destination_name":"52",
				"disp_order":2.0,
				"stop_angle":180.0,
				"point_x":1,
				"point_y":3,
				"is_start": 0,
				"remark":""
		},
		{
			"destination_id":"00034",
			"destination_mark_index":34,
			"destination_name":"53",
			"disp_order":1.0,
			"stop_angle":180.0,
			"point_x":1,
			"point_y":2,
			"is_start": 0,
			"remark":"2Fスワップポイント"
		  },
		  {
		  "destination_id":"00035",
		  "destination_mark_index":35,
		  "destination_name":"54",
		  "disp_order":2.0,
		  "stop_angle":180.0,
		  "point_x":1,
		  "point_y":3,
		  "is_start": 0,
		  "remark":""
  },
			{
					"destination_id":"00036",
					"destination_mark_index":36,
					"destination_name":"１卓",
					"disp_order":2.0,
					"stop_angle":180.0,
					"point_x":1,
					"point_y":3,
					"is_start": 0,
					"remark":""
				  },
				  {
					"destination_id":"00037",
					"destination_mark_index":37,
					"destination_name":"２卓",
					"disp_order":2.0,
					"stop_angle":180.0,
					"point_x":1,
					"point_y":3,
					"is_start": 0,
					"remark":""
				  },
				  {
					"destination_id":"00038",
					"destination_mark_index":38,
					"destination_name":"３卓",
					"disp_order":2.0,
					"stop_angle":180.0,
					"point_x":1,
					"point_y":3,
					"is_start": 0,
					"remark":""
				  }


			]
		  },
		  {
			"map_id":7,
			"map_name":"6列",
			"destination_list":[
    			{
					"destination_id":"00001",
					"destination_mark_index":1,
					"destination_name":"レジ",
					"disp_order":1.0,
					"stop_angle":180.0,
					"point_x":10,
					"point_y":7,
					"is_start": 1,
					"remark":"2Fスワップポイント"
				  },
				  {
					"destination_id":"00002",
					"destination_mark_index":2,
					"destination_name":"21",
					"disp_order":2.0,
					"stop_angle":180.0,
					"point_x":11,
					"point_y":19,
					"is_start": 0,
					"remark":""
					},
					{
					"destination_id":"00003",
					"destination_mark_index":3,
					"destination_name":"23",
					"disp_order":3.0,
					"stop_angle":180.0,
					"point_x":11,
					"point_y":19,
					"is_start": 0,
					"remark":"2Fスワップポイント"
				  },
				  {
					"destination_id":"00004",
					"destination_mark_index":4,
					"destination_name":"1",
					"disp_order":4.0,
					"stop_angle":180.0,
					"point_x":15,
					"point_y":13,
					"is_start": 0,
					"remark":""
				  },
				  {
					  "destination_id":"00005",
					  "destination_mark_index":5,
					  "destination_name":"24",
					  "disp_order":5.0,
					  "stop_angle":180.0,
					  "point_x":16,
					  "point_y":19,
					  "is_start": 0,
					  "remark":""
				  },
				  {
					  "destination_id":"00006",
					  "destination_mark_index":6,
					  "destination_name":"2",
					  "disp_order":6.0,
					  "stop_angle":180.0,
					  "point_x":17,
					  "point_y":13,
					  "is_start": 0,
					  "remark":""
				  },
				  {
					  "destination_id":"00007",
					  "destination_mark_index":7,
					  "destination_name":"3",
					  "disp_order":7.0,
					  "stop_angle":180.0,
					  "point_x":19,
					  "point_y":13,
					  "is_start": 0,
					  "remark":""
				  },
				  {
					  "destination_id":"00008",
					  "destination_mark_index":8,
					  "destination_name":"31",
					  "disp_order":8.0,
					  "stop_angle":180.0,
					  "point_x":19,
					  "point_y":16,
					  "is_start": 0,
					  "remark":""
				  },
				  {
					  "destination_id":"00009",
					  "destination_mark_index":9,
					  "destination_name":"34",
					  "disp_order":9.0,
					  "stop_angle":180.0,
					  "point_x":20,
					  "point_y":16,
					  "is_start": 0,
					  "remark":""
				  },
				  {
					  "destination_id":"00010",
					  "destination_mark_index":10,
					  "destination_name":"25",
					  "disp_order":10.0,
					  "stop_angle":180.0,
					  "point_x":20,
					  "point_y":19,
					  "is_start": 0,
					  "remark":""
				  },
				  {
					  "destination_id":"00011",
					  "destination_mark_index":11,
					  "destination_name":"4",
					  "disp_order":11.0,
					  "stop_angle":180.0,
					  "point_x":21,
					  "point_y":31,
					  "is_start": 0,
					  "remark":""
				  },
				  {
					  "destination_id":"00012",
					  "destination_mark_index":12,
					  "destination_name":"5",
					  "disp_order":12.0,
					  "stop_angle":180.0,
					  "point_x":23,
					  "point_y":13,
					  "is_start": 0,
					  "remark":""
				  },
				  {
					  "destination_id":"00013",
					  "destination_mark_index":13,
					  "destination_name":"26",
					  "disp_order":13.0,
					  "stop_angle":180.0,
					  "point_x":24,
					  "point_y":19,
					  "is_start": 0,
					  "remark":""
				  },
				  {
					  "destination_id":"00014",
					  "destination_mark_index":14,
					  "destination_name":"厨房",
					  "disp_order":14.0,
					  "stop_angle":180.0,
					  "point_x":25,
					  "point_y":7,
					  "is_start": 0,
					  "remark":""
				  },
				  {
					  "destination_id":"00015",
					  "destination_mark_index":15,
					  "destination_name":"41",
					  "disp_order":15.0,
					  "stop_angle":180.0,
					  "point_x":29,
					  "point_y":18,
					  "is_start": 0,
					  "remark":""
				  },
				  {
					  "destination_id":"00016",
					  "destination_mark_index":16,
					  "destination_name":"44",
					  "disp_order":16.0,
					  "stop_angle":180.0,
					  "point_x":29,
					  "point_y":18,
					  "is_start": 0,
					  "remark":""
				  },
				  {
					  "destination_id":"00017",
					  "destination_mark_index":17,
					  "destination_name":"42",
					  "disp_order":17.0,
					  "stop_angle":180.0,
					  "point_x":32,
					  "point_y":18,
					  "is_start": 0,
					  "remark":""
				  },
				  {
					"destination_id":"00018",
					"destination_mark_index":18,
					"destination_name":"43",
					"disp_order":18.0,
					"stop_angle":180.0,
					"point_x":32,
					"point_y":18,
					"is_start": 0,
					"remark":""
    			},
				{
					"destination_id":"00019",
					"destination_mark_index":19,
					"destination_name":"22",
					"disp_order":18.0,
					"stop_angle":180.0,
					"point_x":32,
					"point_y":18,
					"is_start": 0,
					"remark":""
    			}

    		]
    	},
		{
			"map_id":8,
			"map_name":"5列",
			"destination_list":[
    			{
					"destination_id":"00001",
					"destination_mark_index":1,
					"destination_name":"レジ",
					"disp_order":1.0,
					"stop_angle":180.0,
					"point_x":10,
					"point_y":7,
					"is_start": 1,
					"remark":"2Fスワップポイント"
				  },
				  {
					"destination_id":"00002",
					"destination_mark_index":2,
					"destination_name":"21",
					"disp_order":2.0,
					"stop_angle":180.0,
					"point_x":11,
					"point_y":19,
					"is_start": 0,
					"remark":""
					},
					{
					"destination_id":"00003",
					"destination_mark_index":3,
					"destination_name":"23",
					"disp_order":3.0,
					"stop_angle":180.0,
					"point_x":11,
					"point_y":19,
					"is_start": 0,
					"remark":"2Fスワップポイント"
				  },
				  {
					"destination_id":"00004",
					"destination_mark_index":4,
					"destination_name":"1",
					"disp_order":4.0,
					"stop_angle":180.0,
					"point_x":15,
					"point_y":13,
					"is_start": 0,
					"remark":""
				  },
				  {
					  "destination_id":"00005",
					  "destination_mark_index":5,
					  "destination_name":"24",
					  "disp_order":5.0,
					  "stop_angle":180.0,
					  "point_x":16,
					  "point_y":19,
					  "is_start": 0,
					  "remark":""
				  },
				  {
					  "destination_id":"00006",
					  "destination_mark_index":6,
					  "destination_name":"2",
					  "disp_order":6.0,
					  "stop_angle":180.0,
					  "point_x":17,
					  "point_y":13,
					  "is_start": 0,
					  "remark":""
				  },
				  {
					  "destination_id":"00007",
					  "destination_mark_index":7,
					  "destination_name":"3",
					  "disp_order":7.0,
					  "stop_angle":180.0,
					  "point_x":19,
					  "point_y":13,
					  "is_start": 0,
					  "remark":""
				  },
				  {
					  "destination_id":"00008",
					  "destination_mark_index":8,
					  "destination_name":"31",
					  "disp_order":8.0,
					  "stop_angle":180.0,
					  "point_x":19,
					  "point_y":16,
					  "is_start": 0,
					  "remark":""
				  },
				  {
					  "destination_id":"00009",
					  "destination_mark_index":9,
					  "destination_name":"34",
					  "disp_order":9.0,
					  "stop_angle":180.0,
					  "point_x":20,
					  "point_y":16,
					  "is_start": 0,
					  "remark":""
				  },
				  {
					  "destination_id":"00010",
					  "destination_mark_index":10,
					  "destination_name":"25",
					  "disp_order":10.0,
					  "stop_angle":180.0,
					  "point_x":20,
					  "point_y":19,
					  "is_start": 0,
					  "remark":""
				  },
				  {
					  "destination_id":"00011",
					  "destination_mark_index":11,
					  "destination_name":"4",
					  "disp_order":11.0,
					  "stop_angle":180.0,
					  "point_x":21,
					  "point_y":31,
					  "is_start": 0,
					  "remark":""
				  },
				  {
					  "destination_id":"00012",
					  "destination_mark_index":12,
					  "destination_name":"5",
					  "disp_order":12.0,
					  "stop_angle":180.0,
					  "point_x":23,
					  "point_y":13,
					  "is_start": 0,
					  "remark":""
				  },
				  {
					  "destination_id":"00013",
					  "destination_mark_index":13,
					  "destination_name":"26",
					  "disp_order":13.0,
					  "stop_angle":180.0,
					  "point_x":24,
					  "point_y":19,
					  "is_start": 0,
					  "remark":""
				  },
				  {
					  "destination_id":"00014",
					  "destination_mark_index":14,
					  "destination_name":"厨房",
					  "disp_order":14.0,
					  "stop_angle":180.0,
					  "point_x":25,
					  "point_y":7,
					  "is_start": 0,
					  "remark":""
				  },
				  {
					  "destination_id":"00015",
					  "destination_mark_index":15,
					  "destination_name":"41",
					  "disp_order":15.0,
					  "stop_angle":180.0,
					  "point_x":29,
					  "point_y":18,
					  "is_start": 0,
					  "remark":""
				  },
				  {
					  "destination_id":"00016",
					  "destination_mark_index":16,
					  "destination_name":"44",
					  "disp_order":16.0,
					  "stop_angle":180.0,
					  "point_x":29,
					  "point_y":18,
					  "is_start": 0,
					  "remark":""
				  },
				  {
					  "destination_id":"00017",
					  "destination_mark_index":17,
					  "destination_name":"42",
					  "disp_order":17.0,
					  "stop_angle":180.0,
					  "point_x":32,
					  "point_y":18,
					  "is_start": 0,
					  "remark":""
				  },
				  {
					"destination_id":"00018",
					"destination_mark_index":18,
					"destination_name":"43",
					"disp_order":18.0,
					"stop_angle":180.0,
					"point_x":32,
					"point_y":18,
					"is_start": 0,
					"remark":""
    			}

    		]
    	},
		{
			"map_id":9,
			"map_name":"5列沢山",
			"destination_list":[
				{
				  "destination_id":"00001",
				  "destination_mark_index":1,
				  "destination_name":"レジ",
				  "disp_order":1.0,
				  "stop_angle":180.0,
				  "point_x":10,
				  "point_y":7,
				  "is_start": 1,
				  "remark":"2Fスワップポイント"
				},
				{
				  "destination_id":"00002",
				  "destination_mark_index":2,
				  "destination_name":"21",
				  "disp_order":2.0,
				  "stop_angle":180.0,
				  "point_x":11,
				  "point_y":19,
				  "is_start": 0,
				  "remark":""
				  },
				  {
				  "destination_id":"00003",
				  "destination_mark_index":3,
				  "destination_name":"23",
				  "disp_order":3.0,
				  "stop_angle":180.0,
				  "point_x":11,
				  "point_y":19,
				  "is_start": 0,
				  "remark":"2Fスワップポイント"
				},
				{
				  "destination_id":"00004",
				  "destination_mark_index":4,
				  "destination_name":"1",
				  "disp_order":4.0,
				  "stop_angle":180.0,
				  "point_x":15,
				  "point_y":13,
				  "is_start": 0,
				  "remark":""
				},
				{
					"destination_id":"00005",
					"destination_mark_index":5,
					"destination_name":"24",
					"disp_order":5.0,
					"stop_angle":180.0,
					"point_x":16,
					"point_y":19,
					"is_start": 0,
					"remark":""
				},
				{
					"destination_id":"00006",
					"destination_mark_index":6,
					"destination_name":"2",
					"disp_order":6.0,
					"stop_angle":180.0,
					"point_x":17,
					"point_y":13,
					"is_start": 0,
					"remark":""
				},
				{
					"destination_id":"00007",
					"destination_mark_index":7,
					"destination_name":"3",
					"disp_order":7.0,
					"stop_angle":180.0,
					"point_x":19,
					"point_y":13,
					"is_start": 0,
					"remark":""
				},
				{
					"destination_id":"00008",
					"destination_mark_index":8,
					"destination_name":"31",
					"disp_order":8.0,
					"stop_angle":180.0,
					"point_x":19,
					"point_y":16,
					"is_start": 0,
					"remark":""
				},
				{
					"destination_id":"00009",
					"destination_mark_index":9,
					"destination_name":"34",
					"disp_order":9.0,
					"stop_angle":180.0,
					"point_x":20,
					"point_y":16,
					"is_start": 0,
					"remark":""
				},
				{
					"destination_id":"00010",
					"destination_mark_index":10,
					"destination_name":"25",
					"disp_order":10.0,
					"stop_angle":180.0,
					"point_x":20,
					"point_y":19,
					"is_start": 0,
					"remark":""
				},
				{
					"destination_id":"00011",
					"destination_mark_index":11,
					"destination_name":"4",
					"disp_order":11.0,
					"stop_angle":180.0,
					"point_x":21,
					"point_y":31,
					"is_start": 0,
					"remark":""
				},
				{
					"destination_id":"00012",
					"destination_mark_index":12,
					"destination_name":"5",
					"disp_order":12.0,
					"stop_angle":180.0,
					"point_x":23,
					"point_y":13,
					"is_start": 0,
					"remark":""
				},
				{
					"destination_id":"00013",
					"destination_mark_index":13,
					"destination_name":"26",
					"disp_order":13.0,
					"stop_angle":180.0,
					"point_x":24,
					"point_y":19,
					"is_start": 0,
					"remark":""
				},
				{
					"destination_id":"00014",
					"destination_mark_index":14,
					"destination_name":"厨房",
					"disp_order":14.0,
					"stop_angle":180.0,
					"point_x":25,
					"point_y":7,
					"is_start": 0,
					"remark":""
				},
				{
					"destination_id":"00015",
					"destination_mark_index":15,
					"destination_name":"41",
					"disp_order":15.0,
					"stop_angle":180.0,
					"point_x":29,
					"point_y":18,
					"is_start": 0,
					"remark":""
				},
				{
					"destination_id":"00016",
					"destination_mark_index":16,
					"destination_name":"44",
					"disp_order":16.0,
					"stop_angle":180.0,
					"point_x":29,
					"point_y":18,
					"is_start": 0,
					"remark":""
				},
				{
				  "destination_id":"00026",
				  "destination_mark_index":26,
				  "destination_name":"2予約席",
				  "disp_order":18.0,
				  "stop_angle":180.0,
				  "point_x":32,
				  "point_y":18,
				  "is_start": 0,
				  "remark":""
				},
				{
				  "destination_id":"00027",
				  "destination_mark_index":27,
				  "destination_name":"b1厨房",
				  "disp_order":14.0,
				  "stop_angle":180.0,
				  "point_x":25,
				  "point_y":7,
				  "is_start": 0,
				  "remark":""
			  },
			  {
				  "destination_id":"00018",
				  "destination_mark_index":18,
				  "destination_name":"43",
				  "disp_order":18.0,
				  "stop_angle":180.0,
				  "point_x":32,
				  "point_y":18,
				  "is_start": 0,
				  "remark":""
				}
			]
		},
		{
			"map_id":10,
			"map_name":"7列",
			"destination_list":[
				{
				  "destination_id":"00001",
				  "destination_mark_index":1,
				  "destination_name":"レジ",
				  "disp_order":1.0,
				  "stop_angle":180.0,
				  "point_x":10,
				  "point_y":7,
				  "is_start": 1,
				  "remark":"2Fスワップポイント"
				},
				{
				  "destination_id":"00002",
				  "destination_mark_index":2,
				  "destination_name":"21",
				  "disp_order":2.0,
				  "stop_angle":180.0,
				  "point_x":11,
				  "point_y":19,
				  "is_start": 0,
				  "remark":""
				  },
				  {
				  "destination_id":"00003",
				  "destination_mark_index":3,
				  "destination_name":"23",
				  "disp_order":3.0,
				  "stop_angle":180.0,
				  "point_x":11,
				  "point_y":19,
				  "is_start": 0,
				  "remark":"2Fスワップポイント"
				},
				{
				  "destination_id":"00004",
				  "destination_mark_index":4,
				  "destination_name":"1",
				  "disp_order":4.0,
				  "stop_angle":180.0,
				  "point_x":15,
				  "point_y":13,
				  "is_start": 0,
				  "remark":""
				},
				{
					"destination_id":"00005",
					"destination_mark_index":5,
					"destination_name":"24",
					"disp_order":5.0,
					"stop_angle":180.0,
					"point_x":16,
					"point_y":19,
					"is_start": 0,
					"remark":""
				},
				{
					"destination_id":"00006",
					"destination_mark_index":6,
					"destination_name":"2",
					"disp_order":6.0,
					"stop_angle":180.0,
					"point_x":17,
					"point_y":13,
					"is_start": 0,
					"remark":""
				},
				{
					"destination_id":"00007",
					"destination_mark_index":7,
					"destination_name":"3",
					"disp_order":7.0,
					"stop_angle":180.0,
					"point_x":19,
					"point_y":13,
					"is_start": 0,
					"remark":""
				},
				{
					"destination_id":"00008",
					"destination_mark_index":8,
					"destination_name":"31",
					"disp_order":8.0,
					"stop_angle":180.0,
					"point_x":19,
					"point_y":16,
					"is_start": 0,
					"remark":""
				},
				{
					"destination_id":"00009",
					"destination_mark_index":9,
					"destination_name":"34",
					"disp_order":9.0,
					"stop_angle":180.0,
					"point_x":20,
					"point_y":16,
					"is_start": 0,
					"remark":""
				},
				{
					"destination_id":"00010",
					"destination_mark_index":10,
					"destination_name":"25",
					"disp_order":10.0,
					"stop_angle":180.0,
					"point_x":20,
					"point_y":19,
					"is_start": 0,
					"remark":""
				},
				{
					"destination_id":"00011",
					"destination_mark_index":11,
					"destination_name":"4",
					"disp_order":11.0,
					"stop_angle":180.0,
					"point_x":21,
					"point_y":31,
					"is_start": 0,
					"remark":""
				},
				{
					"destination_id":"00012",
					"destination_mark_index":12,
					"destination_name":"5",
					"disp_order":12.0,
					"stop_angle":180.0,
					"point_x":23,
					"point_y":13,
					"is_start": 0,
					"remark":""
				},
				{
					"destination_id":"00013",
					"destination_mark_index":13,
					"destination_name":"26",
					"disp_order":13.0,
					"stop_angle":180.0,
					"point_x":24,
					"point_y":19,
					"is_start": 0,
					"remark":""
				},
				{
					"destination_id":"00014",
					"destination_mark_index":14,
					"destination_name":"厨房",
					"disp_order":14.0,
					"stop_angle":180.0,
					"point_x":25,
					"point_y":7,
					"is_start": 0,
					"remark":""
				},
				{
					"destination_id":"00015",
					"destination_mark_index":15,
					"destination_name":"41",
					"disp_order":15.0,
					"stop_angle":180.0,
					"point_x":29,
					"point_y":18,
					"is_start": 0,
					"remark":""
				},
				{
					"destination_id":"00016",
					"destination_mark_index":16,
					"destination_name":"44",
					"disp_order":16.0,
					"stop_angle":180.0,
					"point_x":29,
					"point_y":18,
					"is_start": 0,
					"remark":""
				},
				{
					"destination_id":"00017",
					"destination_mark_index":17,
					"destination_name":"42",
					"disp_order":17.0,
					"stop_angle":180.0,
					"point_x":32,
					"point_y":18,
					"is_start": 0,
					"remark":""
				},
				{
				  "destination_id":"00018",
				  "destination_mark_index":18,
				  "destination_name":"43",
				  "disp_order":18.0,
				  "stop_angle":180.0,
				  "point_x":32,
				  "point_y":18,
				  "is_start": 0,
				  "remark":""
				},
				{
				  "destination_id":"00019",
				  "destination_mark_index":19,
				  "destination_name":"32",
				  "disp_order":18.0,
				  "stop_angle":180.0,
				  "point_x":32,
				  "point_y":18,
				  "is_start": 0,
				  "remark":""
				},
				{
				  "destination_id":"00020",
				  "destination_mark_index":20,
				  "destination_name":"33",
				  "disp_order":18.0,
				  "stop_angle":180.0,
				  "point_x":32,
				  "point_y":18,
				  "is_start": 0,
				  "remark":""
				},
				{
				  "destination_id":"00021",
				  "destination_mark_index":21,
				  "destination_name":"22",
				  "disp_order":18.0,
				  "stop_angle":180.0,
				  "point_x":32,
				  "point_y":18,
				  "is_start": 0,
				  "remark":""
				},
				{
				  "destination_id":"00022",
				  "destination_mark_index":22,
				  "destination_name":"6",
				  "disp_order":18.0,
				  "stop_angle":180.0,
				  "point_x":32,
				  "point_y":18,
				  "is_start": 0,
				  "remark":""
				},
				{
				  "destination_id":"00023",
				  "destination_mark_index":23,
				  "destination_name":"7",
				  "disp_order":18.0,
				  "stop_angle":180.0,
				  "point_x":32,
				  "point_y":18,
				  "is_start": 0,
				  "remark":""
				}
			]
		},
		{
			"map_id":11,
			"map_name":"4列",
			"destination_list":[
				{
				  "destination_id":"00001",
				  "destination_mark_index":1,
				  "destination_name":"レジ",
				  "disp_order":1.0,
				  "stop_angle":180.0,
				  "point_x":10,
				  "point_y":7,
				  "is_start": 1,
				  "remark":"2Fスワップポイント"
				},
				{
				  "destination_id":"00002",
				  "destination_mark_index":2,
				  "destination_name":"21",
				  "disp_order":2.0,
				  "stop_angle":180.0,
				  "point_x":11,
				  "point_y":19,
				  "is_start": 0,
				  "remark":""
				  },
				  {
				  "destination_id":"00003",
				  "destination_mark_index":3,
				  "destination_name":"23",
				  "disp_order":3.0,
				  "stop_angle":180.0,
				  "point_x":11,
				  "point_y":19,
				  "is_start": 0,
				  "remark":"2Fスワップポイント"
				},
				{
				  "destination_id":"00004",
				  "destination_mark_index":4,
				  "destination_name":"1",
				  "disp_order":4.0,
				  "stop_angle":180.0,
				  "point_x":15,
				  "point_y":13,
				  "is_start": 0,
				  "remark":""
				},
				{
					"destination_id":"00006",
					"destination_mark_index":6,
					"destination_name":"2",
					"disp_order":6.0,
					"stop_angle":180.0,
					"point_x":17,
					"point_y":13,
					"is_start": 0,
					"remark":""
				},
				{
					"destination_id":"00008",
					"destination_mark_index":8,
					"destination_name":"31",
					"disp_order":8.0,
					"stop_angle":180.0,
					"point_x":19,
					"point_y":16,
					"is_start": 0,
					"remark":""
				},
				{
					"destination_id":"00009",
					"destination_mark_index":9,
					"destination_name":"34",
					"disp_order":9.0,
					"stop_angle":180.0,
					"point_x":20,
					"point_y":16,
					"is_start": 0,
					"remark":""
				},
				{
					"destination_id":"00010",
					"destination_mark_index":10,
					"destination_name":"25",
					"disp_order":10.0,
					"stop_angle":180.0,
					"point_x":20,
					"point_y":19,
					"is_start": 0,
					"remark":""
				},
				{
					"destination_id":"00011",
					"destination_mark_index":11,
					"destination_name":"4",
					"disp_order":11.0,
					"stop_angle":180.0,
					"point_x":21,
					"point_y":31,
					"is_start": 0,
					"remark":""
				},
				{
					"destination_id":"00012",
					"destination_mark_index":12,
					"destination_name":"5",
					"disp_order":12.0,
					"stop_angle":180.0,
					"point_x":23,
					"point_y":13,
					"is_start": 0,
					"remark":""
				},
				{
					"destination_id":"00013",
					"destination_mark_index":13,
					"destination_name":"26",
					"disp_order":13.0,
					"stop_angle":180.0,
					"point_x":24,
					"point_y":19,
					"is_start": 0,
					"remark":""
				},
				{
					"destination_id":"00014",
					"destination_mark_index":14,
					"destination_name":"厨房",
					"disp_order":14.0,
					"stop_angle":180.0,
					"point_x":25,
					"point_y":7,
					"is_start": 0,
					"remark":""
				},
				{
					"destination_id":"00015",
					"destination_mark_index":15,
					"destination_name":"41",
					"disp_order":15.0,
					"stop_angle":180.0,
					"point_x":29,
					"point_y":18,
					"is_start": 0,
					"remark":""
				},
				{
					"destination_id":"00016",
					"destination_mark_index":16,
					"destination_name":"44",
					"disp_order":16.0,
					"stop_angle":180.0,
					"point_x":29,
					"point_y":18,
					"is_start": 0,
					"remark":""
				},
				{
					"destination_id":"00017",
					"destination_mark_index":17,
					"destination_name":"42",
					"disp_order":17.0,
					"stop_angle":180.0,
					"point_x":32,
					"point_y":18,
					"is_start": 0,
					"remark":""
				},
				{
				  "destination_id":"00018",
				  "destination_mark_index":18,
				  "destination_name":"43",
				  "disp_order":18.0,
				  "stop_angle":180.0,
				  "point_x":32,
				  "point_y":18,
				  "is_start": 0,
				  "remark":""
				}
			]
		}

	]
  }
}
