{
  "file_id": "SO29",
  "block_section_list": [
    {
      "title": "移動完了通知",
      "id": "info_arrival",
      "dispatch_type": "1",
      "url": "http://localhost/vehicle/complete.php"
    },
    {
      "title": "障害物検知通知",
      "id": "info_obstacle_detection",
      "dispatch_type": "1",
      "url": "http://localhost/vehicle/halt.php"
    },
    {
      "title": "移動開始通知",
      "id": "info_move_start",
      "dispatch_type": "1",
      "url": "http://localhost/vehicle/onmove.php"
    },
    {
      "title": "移動再開通知",
      "id": "info_restart_move",
      "dispatch_type": "1",
      "url": "http://localhost/vehicle/onmove.php"
    },
    {
      "title": "一時停止",
      "id": "info_stop_move",
      "dispatch_type": "1",
      "url": "http://localhost/vehicle/select.php"
    },
    {
      "title": "走行トレース完了通知",
      "id": "res_route_trace",
      "dispatch_type": "1",
      "url": "http://localhost/vehicle/index.php"
    },
    {
      "title": "区間トレース完了通知",
      "id": "res_section_route_trace",
      "dispatch_type": "1",
      "url": "http://localhost/vehicle/index.php"
    },
    {
      "title": "ロボット状態通知",
      "id": "robot_status_notice",
      "dispatch_type": "2",
      "url": ""
    },
    {
      "title": "バンパセンサ通知",
      "id": "info_motor_collision_detection",
      "dispatch_type": "1",
      "url": "http://localhost/vehicle/relocate.php?mode=1"
    },
    {
      "title": "マークロスト通知",
      "id": "info_motor_marklost_detection",
      "dispatch_type": "1",
      "url": "http://localhost/vehicle/relocate.php?mode=4"
    },
    {
      "title": "モータートラブル検知通知",
      "id": "info_motor_trouble_detection",
      "dispatch_type": "1",
      "url": "http://localhost/vehicle/relocate.php?mode=2"
    },
    {
      "title": "モーター指令実行不能通知",
      "id": "info_motor_cmdexecution_error",
      "dispatch_type": "1",
      "url": "http://localhost/vehicle/relocate.php?mode=3"
    },
    {
      "title": "マップ切り替え完了通知",
      "id": "res_change_map",
      "dispatch_type": "1",
      "url": "http://localhost/vehicle/select.php"
    }
  ]
}
