[
  {
     "name":"header",
     "type":"uint16_t",
     "value":61166
  },
  {
    "name":"length",
    "type":"uint16_t",
    "value":6
  },
  {
    "name":"type",
    "type":"uint16_t",
    "value":400
  },
  {
    "name":"param0",
    "type":"uint16_t",
    "value":300
  },
  {
    "name":"param1",
    "type":"uint16_t",
    "value":300
  },
  {
    "name":"param2",
    "type":"uint16_t",
    "value":300
  },
  {
    "name":"param3",
    "type":"uint16_t",
    "value":300
  },
  {
    "name":"param4",
    "type":"uint16_t",
    "value":300
  },
  {
    "name":"dataend",
    "type":"uint16_t",
    "value":3338
  }
]
