{
  "file_id": "SO29",
  "block_section_list": [
    {
      "title": "*****",
      "id": "info_read_usb_cache",
      "dispatch_type": "1",
      "url": "http://localhost/ntt/usbdebug.php"
    },
    {
      "title": "*****",
      "id": "info_change_map",
      "dispatch_type": "1",
      "url": "http://localhost/ntt/index.php"
    },
    {
      "title": "*****",
      "id": "info_change_map_error",
      "dispatch_type": "1",
      "url": "http://localhost/ntt/error.php?e=info_change_map_error"
    },
    {
      "title": "*****",
      "id": "info_move_start",
      "dispatch_type": "1",
      "url": "http://localhost/ntt/onmove.php"
    },
    {
      "title": "*****",
      "id": "info_move_error",
      "dispatch_type": "1",
      "url": "http://localhost/ntt/error.php?e=info_move_error"
    },
    {
      "title": "*****",
      "id": "info_arrival",
      "dispatch_type": "1",
      "url": "http://localhost/ntt/complete.php"
    },
    {
      "title": "*****",
      "id": "info_motor_cmdexecution_error",
      "dispatch_type": "1",
      "url": "http://localhost/ntt/error.php?e=info_motor_cmdexecution_error"
    },
    {
      "title": "*****",
      "id": "info_motor_trouble_detection",
      "dispatch_type": "1",
      "url": "http://localhost/ntt/error.php?e=info_motor_trouble_detection"
    },
    {
      "title": "*****",
      "id": "info_stop_move",
      "dispatch_type": "1",
      "url": "http://localhost/ntt/select.php"
    },
    {
      "title": "*****",
      "id": "info_stop_move_error",
      "dispatch_type": "1",
      "url": "http://localhost/ntt/error.php?e=info_stop_move_error"
    },
    {
      "title": "*****",
      "id": "info_motor_collision_detection",
      "dispatch_type": "1",
      "url": "http://localhost/ntt/relocate.php"
    },
    {
      "title": "*****",
      "id": "info_obstacle_detection",
      "dispatch_type": "1",
      "url": "http://localhost/ntt/halt.php"
    },
    {
      "title": "*****",
      "id": "info_restart_move_error",
      "dispatch_type": "1",
      "url": "http://localhost/ntt/error.php?e=info_restart_move_error"
    },
    {
      "title": "*****",
      "id": "info_set_location",
      "dispatch_type": "1",
      "url": "http://localhost/ntt/relocate_call.php"
    },
    {
      "title": "*****",
      "id": "info_set_location_error",
      "dispatch_type": "1",
      "url": "http://localhost/ntt/error.php?e=info_set_location_error"
    }
  ]
}
